{
    "loss": 40.55532455444336,
    "accuracy": 0.5686274766921997
}