{
    "loss": 5.589637756347656,
    "accuracy": 0.4313725531101227
}