{
    "loss": 4.494084358215332,
    "accuracy": 0.5882353186607361
}