{
    "loss": 16.935205459594727,
    "accuracy": 0.5686274766921997
}